,HOLLISTER_2,dummy
0,-2.12,0
1,-2.988,0
2,-4.164,0
3,-5.879,0
4,-5.569,0
5,-4.433,0
6,-1.695,0
7,1.412,0
8,0.654,0
9,-1.059,0
10,-1.372,0
11,-1.399,0
12,-2.417,0
13,-0.742,0
14,0.585,0
15,3.084,0
16,0.308,0
17,-1.272,0
18,1.946,0
19,-0.031,0
20,-0.259,0
21,1.424,0
22,2.771,0
23,1.041,0
24,-0.481,0
25,-1.693,0
26,0.885,0
27,1.905,0
28,0.406,0
29,1.806,0
30,2.849,0
31,3.007,0
32,2.263,0
33,1.898,0
34,-3.235,0
35,-7.129,0
36,-5.418,0
37,-1.957,0
38,-1.781,0
39,-1.737,0
40,2.417,0
41,4.23,0
42,6.551,0
43,7.461,0
44,4.387,0
45,1.518,0
46,2.922,0
47,4.385,0
48,0.715,0
49,-1.258,0
50,-0.541,0
51,-1.487,0
52,-3.512,0
53,-0.772,0
54,4.433,0
55,5.755,0
56,8.002,0
57,6.545,0
58,4.508,0
59,1.254,0
60,-3.723,0
61,-6.357,0
62,-4.157,0
63,-0.6,0
64,-1.277,0
65,-1.564,0
66,-2.223,0
67,-5.834,0
68,-10.651,0
69,-6.903,0
70,-2.053,0
71,-0.564,0
72,-6.667,0
73,-10.238,0
74,-7.133,0
75,-4.909,0
76,-2.13,0
77,-0.499,0
78,-0.04,0
79,-1.312,0
80,4.676,0
81,9.504,0
82,3.84,0
83,2.185,0
84,5.808,0
85,2.815,0
86,0.734,0
87,5.948,0
88,4.236,0
89,-0.039,0
90,8.644,0
91,16.807,0
92,9.6,0
93,1.55,0
94,1.967,0
95,2.937,0
96,-9.374,0
97,-10.294,0
98,6.344,0
99,10.74,0
100,8.576,0
101,7.979,0
102,7.492,0
103,6.002,0
104,3.165,0
105,-8.26,0
106,-14.823,0
107,-9.945,0
108,-1.503,0
109,-2.383,0
110,-10.318,0
111,-9.734,0
112,-3.273,0
113,-0.779,0
114,-2.163,0
115,-1.862,0
116,-7.672,0
117,-4.017,0
118,1.135,0
119,8.388,0
120,20.523,0
121,11.679,0
122,-3.682,0
123,-9.589,0
124,-5.448,0
125,10.171,0
126,16.003,0
127,10.712,0
128,3.271,0
129,-6.369,0
130,-13.244,0
131,-4.105,0
132,2.599,0
133,-4.272,0
134,-4.848,0
135,-2.162,0
136,-2.032,0
137,-10.989,0
138,-9.43,0
139,-8.561,0
140,-10.858,0
141,-7.565,0
142,-8.269,0
143,-7.692,0
144,2.126,0
145,21.735,0
146,24.317,0
147,15.607,0
148,12.2,0
149,-0.334,0
150,-18.136,0
151,-22.748,0
152,-22.054,0
153,-20.466,0
154,-13.1,0
155,7.565,0
156,21.168,0
157,22.28,0
158,10.285,0
159,10.512,0
160,33.854,0
161,23.381,0
162,9.606,0
163,11.558,0
164,4.589,0
165,3.749,0
166,-4.286,0
167,-32.713,0
168,-33.49,0
169,-21.689,0
170,-22.584,0
171,-24.752,0
172,-23.075,0
173,-15.23,0
174,-9.689,0
175,-4.897,0
176,1.838,0
177,4.483,0
178,2.992,0
179,-1.167,0
180,-9.046,0
181,-11.684,0
182,-5.781,0
183,0.36,0
184,-2.511,0
185,-8.468,0
186,-15.461,0
187,-20.659,0
188,-12.247,0
189,-1.447,0
190,1.586,0
191,-5.438,0
192,-11.78,0
193,-7.581,0
194,-9.516,0
195,-13.865,0
196,-16.269,0
197,-8.331,0
198,5.621,0
199,18.923,0
200,19.826,0
201,3.09,0
202,-14.6,0
203,1.917,0
204,22.627,0
205,9.376,0
206,-13.472,0
207,-22.586,0
208,-0.646,0
209,16.782,0
210,16.71,0
211,10.157,0
212,4.444,0
213,1.996,0
214,-1.19,0
215,-2.275,0
216,0.134,0
217,5.399,0
218,-0.125,0
219,-10.915,0
220,-7.991,0
221,5.348,0
222,13.766,0
223,5.437,0
224,-0.91,0
225,9.307,0
226,12.286,0
227,-7.73,0
228,-5.891,0
229,16.935,0
230,20.133,0
231,-6.32,0
232,-43.112,0
233,-47.962,0
234,-29.805,0
235,-6.528,0
236,5.579,0
237,4.799,0
238,-1.557,0
239,-6.975,0
240,-5.507,0
241,-0.494,0
242,5.589,0
243,5.733,0
244,7.989,0
245,12.655,0
246,14.182,0
247,12.261,0
248,5.116,0
249,3.213,0
250,5.995,0
251,1.433,0
252,-13.963,0
253,-17.389,0
254,-10.88,0
255,-1.634,0
256,4.215,0
257,4.052,0
258,2.593,0
259,-5.266,0
260,-4.381,0
261,13.821,0
262,33.074,0
263,32.56,0
264,1.189,0
265,-39.203,0
266,-62.404,0
267,-59.759,0
268,-37.582,0
269,-16.021,0
270,17.235,0
271,47.223,0
272,55.529,0
273,49.756,0
274,32.646,0
275,14.006,0
276,11.649,0
277,26.725,0
278,32.73,0
279,28.602,0
280,26.112,0
281,20.556,0
282,6.312,0
283,-11.404,0
284,-23.379,0
285,-27.627,0
286,-27.192,0
287,-22.219,0
288,-29.203,0
289,-33.064,0
290,-13.155,0
291,3.704,0
292,5.092,0
293,10.075,0
294,28.845,0
295,34.58,0
296,37.464,0
297,45.514,0
298,46.564,0
299,48.444,0
300,53.341,0
301,56.904,0
302,53.023,0
303,46.796,0
304,54.776,0
305,74.377,0
306,80.493,0
307,74.228,0
308,69.068,0
309,49.86,0
310,9.371,0
311,-19.223,0
312,-20.399,0
313,-18.437,0
314,-19.862,0
315,-15.784,0
316,-13.466,0
317,-15.462,0
318,-30.533,0
319,-46.279,0
320,-47.936,0
321,-36.969,0
322,-11.845,0
323,8.606,0
324,13.311,0
325,6.079,0
326,-6.519,0
327,-17.223,0
328,-13.183,0
329,10.371,0
330,52.616,0
331,95.537,0
332,116.482,0
333,114.943,0
334,101.01,0
335,88.922,0
336,77.106,0
337,58.23,0
338,29.513,0
339,3.41,0
340,-18.059,0
341,-40.872,0
342,-57.499,0
343,-68.86,0
344,-79.891,0
345,-62.959,0
346,-23.038,0
347,6.29,0
348,30.322,0
349,50.72,0
350,74.177,0
351,98.11,0
352,106.863,0
353,96.689,0
354,66.08,0
355,31.435,0
356,-3.877,0
357,-43.039,0
358,-67.095,0
359,-67.445,0
360,-50.823,0
361,-35.383,0
362,-40.088,0
363,-67.153,0
364,-118.739,0
365,-163.303,0
366,-174.549,0
367,-156.454,0
368,-116.969,0
369,-81.843,0
370,-61.161,0
371,-49.838,0
372,-43.849,0
373,-42.279,0
374,-60.286,0
375,-68.549,0
376,-21.113,0
377,54.237,0
378,112.122,0
379,135.373,0
380,127.659,0
381,102.736,0
382,76.23,0
383,47.708,0
384,25.175,0
385,5.475,0
386,-16.681,0
387,-34.281,0
388,-54.608,0
389,-80.402,0
390,-109.122,0
391,-141.835,0
392,-166.102,0
393,-171.481,0
394,-168.67,0
395,-160.545,0
396,-153.945,0
397,-145.559,0
398,-123.875,0
399,-90.836,0
400,-46.805,0
401,-2.379,0
402,31.372,0
403,50.308,0
404,50.015,0
405,35.065,0
406,19.86,0
407,17.332,0
408,22.159,0
409,32.205,0
410,40.668,0
411,38.715,0
412,31.087,0
413,26.411,0
414,31.396,0
415,49.759,0
416,73.37,0
417,83.005,0
418,75.737,0
419,55.255,0
420,28.857,0
421,3.023,0
422,-25.201,0
423,-45.676,0
424,-46.916,0
425,-22.128,0
426,36.677,0
427,93.661,0
428,122.801,0
429,127.805,0
430,113.733,0
431,88.099,0
432,56.998,0
433,22.512,0
434,-20.665,0
435,-68.121,0
436,-92.008,0
437,-72.205,0
438,-34.907,0
439,-1.277,0
440,28.684,0
441,59.618,0
442,89.38,0
443,99.064,0
444,80.938,0
445,35.454,0
446,-16.915,0
447,-55.837,0
448,-75.583,0
449,-78.234,0
450,-69.27,0
451,-58.562,0
452,-54.996,0
453,-55.925,0
454,-61.018,0
455,-61.895,0
456,-49.909,0
457,-28.348,0
458,-14.635,0
459,-15.903,0
460,-16.295,0
461,-11.181,0
462,-1.949,0
463,10.229,0
464,23.267,0
465,36.158,0
466,34.612,0
467,11.882,0
468,-25.004,0
469,-60.86,0
470,-79.01,0
471,-78.64,0
472,-65.966,0
473,-40.878,0
474,-4.449,0
475,34.928,0
476,67.427,0
477,83.357,0
478,83.343,0
479,71.863,0
480,53.511,0
481,38.044,0
482,30.917,0
483,20.997,0
484,-4.242,0
485,-24.641,0
486,-15.661,0
487,27.34,0
488,69.866,0
489,89.778,0
490,97.092,0
491,93.671,0
492,76.676,0
493,50.461,0
494,20.404,0
495,-3.097,0
496,-8.799,0
497,-1.352,0
498,14.903,0
499,26.463,0
500,31.537,0
501,30.631,0
502,25.525,0
503,19.466,0
504,7.342,0
505,-15.28,0
506,-41.998,0
507,-53.198,0
508,-46.012,0
509,-23.03,0
510,12.193,0
511,37.794,0
512,36.831,0
513,6.002,0
514,-38.806,0
515,-72.307,0
516,-89.503,0
517,-89.554,0
518,-78.389,0
519,-59.465,0
520,-40.194,0
521,-35.091,0
522,-39.82,0
523,-44.249,0
524,-40.014,0
525,-26.255,0
526,-12.495,0
527,-3.29,0
528,7.948,0
529,17.733,0
530,23.562,0
531,18.808,0
532,7.474,0
533,-4.745,0
534,-16.745,0
535,-23.213,0
536,-21.112,0
537,0.501,0
538,30.225,0
539,52.764,0
540,68.288,0
541,76.046,0
542,82.999,0
543,95.268,0
544,109.412,0
545,121.968,0
546,125.885,0
547,117.151,0
548,96.062,0
549,72.309,0
550,47.483,0
551,14.581,0
552,-18.065,0
553,-40.039,0
554,-47.547,0
555,-58.774,0
556,-81.407,0
557,-106.583,0
558,-119.54,0
559,-120.48,0
560,-112.226,0
561,-94.319,0
562,-68.42,0
563,-37.609,0
564,-15.329,0
565,-4.572,0
566,-9.03,0
567,-25.434,0
568,-44.527,0
569,-58.833,0
570,-66.549,0
571,-69.073,0
572,-62.764,0
573,-44.878,0
574,-26.04,0
575,-11.82,0
576,-4.765,0
577,-12.719,0
578,-27.345,0
579,-41.188,0
580,-50.534,0
581,-59.32,0
582,-69.529,0
583,-77.007,0
584,-81.683,0
585,-79.326,0
586,-68.128,0
587,-53.61,0
588,-36.635,0
589,-10.92,0
590,20.838,0
591,51.464,0
592,80.055,0
593,103.888,0
594,120.547,0
595,128.722,0
596,132.91,0
597,140.311,0
598,147.977,0
599,150.831,0
600,148.467,0
601,142.906,0
602,135.189,0
603,122.618,0
604,101.375,0
605,76.275,0
606,51.262,0
607,27.813,0
608,11.249,0
609,-10.327,0
610,-32.49,0
611,-39.464,0
612,-38.638,0
613,-39.132,0
614,-42.88,0
615,-48.402,0
616,-57.151,0
617,-61.535,0
618,-64.224,0
619,-63.723,0
620,-61.283,0
621,-54.657,0
622,-40.07,0
623,-21.648,0
624,-10.127,0
625,-4.564,0
626,-1.697,0
627,-3.816,0
628,-5.459,0
629,-6.585,0
630,1.572,0
631,15.174,0
632,27.451,0
633,35.089,0
634,38.228,0
635,38.958,0
636,40.818,0
637,42.19,0
638,38.753,0
639,26.229,0
640,4.513,0
641,-19.473,0
642,-38.875,0
643,-46.825,0
644,-42.696,0
645,-30.222,0
646,-19.889,0
647,-22.104,0
648,-36.568,0
649,-58.177,0
650,-73.556,0
651,-78.106,0
652,-73.049,0
653,-60.403,0
654,-40.351,0
655,-9.845,0
656,22.095,0
657,39.384,0
658,33.778,0
659,14.193,0
660,-10.778,0
661,-34.181,0
662,-44.847,0
663,-41.707,0
664,-33.023,0
665,-16.97,0
666,2.772,0
667,18.394,0
668,23.576,0
669,17.634,0
670,8.104,0
671,-3.38,0
672,-16.098,0
673,-26.882,0
674,-35.039,0
675,-38.383,0
676,-34.49,0
677,-25.863,0
678,-13.394,0
679,1.657,0
680,16.102,0
681,23.058,0
682,23.348,0
683,23.577,0
684,23.457,0
685,24.995,0
686,27.925,0
687,34.996,0
688,43.298,0
689,53.071,0
690,66.793,0
691,71.806,0
692,68.859,0
693,54.943,0
694,33.674,0
695,16.883,0
696,9.839,0
697,11.649,0
698,12.68,0
699,8.358,0
700,-0.541,0
701,-8.383,0
702,-12.877,0
703,-15.917,0
704,-15.376,0
705,-9.616,0
706,1.74,0
707,13.367,0
708,12.264,0
709,-7.315,0
710,-29.779,0
711,-40.09,0
712,-36.93,0
713,-20.693,0
714,-1.396,0
715,10.67,0
716,14.528,0
717,16.634,0
718,22.824,0
719,30.459,0
720,37.237,0
721,38.684,0
722,32.709,0
723,22.875,0
724,13.78,0
725,10.563,0
726,11.684,0
727,17.999,0
728,23.946,0
729,26.08,0
730,26.153,0
731,28.309,0
732,35.164,0
733,44.288,0
734,52.769,0
735,58.654,0
736,62.153,0
737,63.273,0
738,60.537,0
739,52.959,0
740,46.602,0
741,42.948,0
742,43.135,0
743,43.31,0
744,39.904,0
745,32.582,0
746,20.412,0
747,13.344,0
748,12.046,0
749,14.637,0
750,17.734,0
751,18.114,0
752,16.694,0
753,13.647,0
754,12.512,0
755,15.522,0
756,20.836,0
757,24.17,0
758,25.08,0
759,15.927,0
760,1.06,0
761,-14.506,0
762,-26.014,0
763,-30.039,0
764,-26.572,0
765,-11.528,0
766,11.712,0
767,38.475,0
768,60.872,0
769,70.475,0
770,69.458,0
771,60.271,0
772,43.708,0
773,23.243,0
774,-0.335,0
775,-22.526,0
776,-36.394,0
777,-38.981,0
778,-36.472,0
779,-34.286,0
780,-33.334,0
781,-32.177,0
782,-27.977,0
783,-22.456,0
784,-20.033,0
785,-20.023,0
786,-25.827,0
787,-31.607,0
788,-32.236,0
789,-29.93,0
790,-24.211,0
791,-19.811,0
792,-21.335,0
793,-30.345,0
794,-41.815,0
795,-53.527,0
796,-62.141,0
797,-65.114,0
798,-65.984,0
799,-63.647,0
800,-62.445,0
801,-62.593,0
802,-63.084,0
803,-65.136,0
804,-68.81,0
805,-72.315,0
806,-71.705,0
807,-67.491,0
808,-58.222,0
809,-45.173,0
810,-26.831,0
811,-3.873,0
812,18.112,0
813,32.337,0
814,36.108,0
815,35.239,0
816,31.442,0
817,23.917,0
818,18.763,0
819,17.862,0
820,18.845,0
821,18.436,0
822,14.503,0
823,8.271,0
824,3.063,0
825,0.83,0
826,2.592,0
827,8.286,0
828,13.284,0
829,15.569,0
830,13.125,0
831,5.378,0
832,-7.877,0
833,-20.221,0
834,-30.64,0
835,-36.696,0
836,-38.036,0
837,-33.551,0
838,-29.583,0
839,-26.013,0
840,-20.195,0
841,-11.669,0
842,0.684,0
843,8.804,0
844,14.065,0
845,16.167,0
846,15.473,0
847,12.339,0
848,5.975,0
849,-4.7,0
850,-14.025,0
851,-21.262,0
852,-26.903,0
853,-27.55,0
854,-23.743,0
855,-15.605,0
856,-6.374,0
857,3.86,0
858,10.278,0
859,12.913,0
860,12.401,0
861,8.226,0
862,-1.466,0
863,-19.816,0
864,-37.322,0
865,-48.854,0
866,-54.509,0
867,-53.081,0
868,-48.595,0
869,-47.735,0
870,-48.414,0
871,-50.777,0
872,-53.186,0
873,-56.318,0
874,-56.294,0
875,-54.898,0
876,-55.375,0
877,-56.569,0
878,-58.431,0
879,-55.731,0
880,-49.382,0
881,-41.419,0
882,-33.737,0
883,-26.609,0
884,-23.815,0
885,-22.148,0
886,-20.339,0
887,-18.655,0
888,-14.023,0
889,-7.88,0
890,-0.76,0
891,5.643,0
892,6.265,0
893,-6.357,0
894,-27.026,0
895,-40.61,0
896,-42.379,0
897,-38.928,0
898,-34.779,0
899,-33.892,0
900,-35.692,0
901,-39.187,0
902,-39.626,0
903,-32.216,0
904,-19.4,0
905,0.752,0
906,13.758,0
907,18.643,0
908,19.991,0
909,15.628,0
910,10.963,0
911,11.545,0
912,15.614,0
913,20.238,0
914,21.566,0
915,22.141,0
916,23.961,0
917,25.999,0
918,31.059,0
919,35.713,0
920,41.212,0
921,43.841,0
922,42.361,0
923,33.857,0
924,24.355,0
925,19.566,0
926,18.25,0
927,18.335,0
928,19.873,0
929,20.721,0
930,19.745,0
931,16.861,0
932,13.424,0
933,10.813,0
934,7.429,0
935,5.313,0
936,1.804,0
937,-1.354,0
938,-4.566,0
939,-6.915,0
940,-5.138,0
941,-3.998,0
942,-5.025,0
943,-8.254,0
944,-13.775,0
945,-16.472,0
946,-13.381,0
947,-1.996,0
948,13.279,0
949,29.878,0
950,46.098,0
951,58.221,0
952,66.806,0
953,74.817,0
954,81.318,0
955,85.855,0
956,87.652,0
957,84.611,0
958,82.02,0
959,77.002,0
960,73.724,0
961,71.078,0
962,66.069,0
963,60.189,0
964,49.114,0
965,37.044,0
966,25.705,0
967,20.321,0
968,20.125,0
969,23.323,0
970,28.551,0
971,33.091,0
972,34.069,0
973,31.32,0
974,23.732,0
975,13.101,0
976,0.43,0
977,-12.547,0
978,-23.778,0
979,-29.953,0
980,-27.914,0
981,-19.059,0
982,-4.234,0
983,11.07,0
984,24.023,0
985,31.037,0
986,33.309,0
987,31.822,0
988,30.867,0
989,31.821,0
990,35.25,0
991,38.72,0
992,42.214,0
993,45.569,0
994,47.163,0
995,44.349,0
996,36.585,0
997,28.315,0
998,25.035,0
999,26.553,0
1000,30.781,0
1001,38.28,0
1002,43.349,0
1003,44.07,0
1004,36.516,0
1005,23.151,0
1006,9.883,0
1007,-2.297,0
1008,-11.143,0
1009,-14.87,0
1010,-15.54,0
1011,-16.476,0
1012,-16.084,0
1013,-17.742,0
1014,-18.328,0
1015,-18.488,0
1016,-19.217,0
1017,-18.58,0
1018,-16.556,0
1019,-14.035,0
1020,-15.285,0
1021,-17.296,0
1022,-19.472,0
1023,-21.329,0
1024,-22.913,0
1025,-21.215,0
1026,-17.005,0
1027,-11.637,0
1028,-5.601,0
1029,-1.324,0
1030,-1.122,0
1031,-3.957,0
1032,-7.253,0
1033,-11.362,0
1034,-13.338,0
1035,-16.692,0
1036,-17.985,0
1037,-19.615,0
1038,-20.917,0
1039,-21.424,0
1040,-17.157,0
1041,-13.103,0
1042,-12.784,0
1043,-13.59,0
1044,-18.537,0
1045,-21.296,0
1046,-22.555,0
1047,-23.637,0
1048,-26.335,0
1049,-27.952,0
1050,-28.344,0
1051,-26.27,0
1052,-17.029,0
1053,-5.233,0
1054,1.134,0
1055,1.07,0
1056,-1.711,0
1057,-5.502,0
1058,-8.995,0
1059,-10.059,0
1060,-9.765,0
1061,-10.107,0
1062,-9.626,0
1063,-11.587,0
1064,-12.924,0
1065,-12.867,0
1066,-13.752,0
1067,-13.286,0
1068,-11.026,0
1069,-6.123,0
1070,-1.954,0
1071,1.6,0
1072,3.748,0
1073,2.629,0
1074,-1.566,0
1075,-6.409,0
1076,-11.176,0
1077,-16.679,0
1078,-20.308,0
1079,-21.85,0
1080,-22.403,0
1081,-21.602,0
1082,-18.415,0
1083,-14.264,0
1084,-11.397,0
1085,-6.548,0
1086,-0.895,0
1087,4.241,0
1088,8.561,0
1089,12.567,0
1090,15.705,0
1091,15.606,0
1092,15.89,0
1093,15.52,0
1094,18.147,0
1095,24.519,0
1096,31.563,0
1097,36.415,0
1098,39.749,0
1099,44.707,0
1100,46.184,0
1101,43.14,0
1102,34.724,0
1103,26.786,0
1104,21.133,0
1105,18.842,0
1106,16.987,0
1107,13.845,0
1108,7.432,0
1109,-6.2,0
1110,-18.585,0
1111,-30.07,0
1112,-34.518,0
1113,-33.112,0
1114,-28.157,0
1115,-19.689,0
1116,-16.718,0
1117,-16.647,0
1118,-16.473,0
1119,-18.285,0
1120,-23.037,0
1121,-27.132,0
1122,-28.755,0
1123,-26.623,0
1124,-20.917,0
1125,-15.961,0
1126,-14.391,0
1127,-19.186,0
1128,-25.476,0
1129,-29.449,0
1130,-32.175,0
1131,-35.359,0
1132,-37.656,0
1133,-38.341,0
1134,-36.414,0
1135,-32.515,0
1136,-28.618,0
1137,-24.033,0
1138,-21.101,0
1139,-19.99,0
1140,-17.932,0
1141,-16.999,0
1142,-15.488,0
1143,-10.747,0
1144,-5.92,0
1145,-3.398,0
1146,-5.744,0
1147,-8.042,0
1148,-9.715,0
1149,-10.945,0
1150,-12.27,0
1151,-13.994,0
1152,-18.938,0
1153,-24.526,0
1154,-27.933,0
1155,-31.393,0
1156,-33.036,0
1157,-33.846,0
1158,-33.622,0
1159,-34.334,0
1160,-31.333,0
1161,-26.44,0
1162,-18.892,0
1163,-9.877,0
1164,-2.822,0
1165,3.756,0
1166,7.173,0
1167,11.221,0
1168,17.611,0
1169,24.075,0
1170,27.889,0
1171,28.25,0
1172,24.839,0
1173,19.593,0
1174,12.605,0
1175,6.398,0
1176,5.662,0
1177,9.454,0
1178,17.539,0
1179,24.385,0
1180,26.85,0
1181,23.14,0
1182,17.099,0
1183,11.758,0
1184,8.745,0
1185,8.915,0
1186,9.244,0
1187,9.924,0
1188,8.33,0
1189,0.014,0
1190,-9.071,0
1191,-17.489,0
1192,-21.083,0
1193,-17.372,0
1194,-10.571,0
1195,-4.68,0
1196,-3.247,0
1197,-5.057,0
1198,-11.391,0
1199,-18.229,0
1200,-21.839,0
1201,-21.157,0
1202,-19.005,0
1203,-16.322,0
1204,-14.459,0
1205,-10.865,0
1206,-4.575,0
1207,3.04,0
1208,9.077,0
1209,6.999,0
1210,-0.121,0
1211,-7.764,0
1212,-11.377,0
1213,-11.578,0
1214,-9.041,0
1215,-2.434,0
1216,3.195,0
1217,6.831,0
1218,8.162,0
1219,10.044,0
1220,12.636,0
1221,15.269,0
1222,18.292,0
1223,19.43,0
1224,20.426,0
1225,23.94,0
1226,28.547,0
1227,28.683,0
1228,26.277,0
1229,22.198,0
1230,17.504,0
1231,12.324,0
1232,8.189,0
1233,6.264,0
1234,4.845,0
1235,6.548,0
1236,6.833,0
1237,6.544,0
1238,3.426,0
1239,-2.985,0
1240,-7.218,0
1241,-11.981,0
1242,-18.331,0
1243,-21.588,0
1244,-21.698,0
1245,-18.837,0
1246,-14.402,0
1247,-9.089,0
1248,-1.724,0
1249,5.945,0
1250,12.282,0
1251,15.192,0
1252,15.275,0
1253,16.003,0
1254,18.524,0
1255,20.376,0
1256,23.102,0
1257,29.335,0
1258,34.922,0
1259,37.362,0
1260,38.113,0
1261,38.103,0
1262,37.087,0
1263,34.651,0
1264,32.721,0
1265,29.045,0
1266,23.517,0
1267,19.075,0
1268,17.707,0
1269,20.524,0
1270,23.753,0
1271,27.748,0
1272,28.645,0
1273,28.705,0
1274,28.111,0
1275,26.252,0
1276,26.885,0
1277,27.815,0
1278,31.281,0
1279,34.707,0
1280,35.542,0
1281,32.347,0
1282,27.402,0
1283,23.654,0
1284,19.389,0
1285,14.952,0
1286,9.979,0
1287,6.197,0
1288,3.433,0
1289,0.727,0
1290,-0.172,0
1291,-2.706,0
1292,-5.054,0
1293,-5.613,0
1294,-4.358,0
1295,-2.193,0
1296,-3.959,0
1297,-6.84,0
1298,-8.002,0
1299,-7.46,0
1300,-3.491,0
1301,0.897,0
1302,3.341,0
1303,2.405,0
1304,-0.817,0
1305,-3.465,0
1306,-5.675,0
1307,-5.558,0
1308,-3.234,0
1309,-0.715,0
1310,2.113,0
1311,3.454,0
1312,4.139,0
1313,5.373,0
1314,7.934,0
1315,12.34,0
1316,15.323,0
1317,15.255,0
1318,15.597,0
1319,14.689,0
1320,12.856,0
1321,11.432,0
1322,8.308,0
1323,3.237,0
1324,-3.573,0
1325,-10.845,0
1326,-15.208,0
1327,-16.251,0
1328,-15.45,0
1329,-11.412,0
1330,-7.864,0
1331,-5.021,0
1332,-6.296,0
1333,-8.436,0
1334,-10.279,0
1335,-9.921,0
1336,-6.906,0
1337,-4.6,0
1338,-1.621,0
1339,-2.121,0
1340,-4.084,0
1341,-5.413,0
1342,-7.201,0
1343,-8.44,0
1344,-10.102,0
1345,-11.728,0
1346,-12.86,0
1347,-12.581,0
1348,-10.89,0
1349,-7.896,0
1350,-5.062,0
1351,-4.881,0
1352,-6.133,0
1353,-9.891,0
1354,-14.526,0
1355,-19.834,0
1356,-25.625,0
1357,-31.152,0
1358,-34.842,0
1359,-38.401,0
1360,-40.398,0
1361,-41.256,0
1362,-40.953,0
1363,-38.609,0
1364,-36.096,0
1365,-32.471,0
1366,-29.584,0
1367,-27.02,0
1368,-22.658,0
1369,-17.629,0
1370,-12.526,0
1371,-7.805,0
1372,-5.657,0
1373,-5.215,0
1374,-6.237,0
1375,-7.376,0
1376,-8.436,0
1377,-11.11,0
1378,-13.788,0
1379,-14.238,0
1380,-13.595,0
1381,-12.003,0
1382,-9.392,0
1383,-7.463,0
1384,-6.414,0
1385,-5.42,0
1386,-4.236,0
1387,-0.185,0
1388,2.593,0
1389,4.645,0
1390,7.712,0
1391,10.133,0
1392,11.372,0
1393,11.592,0
1394,9.302,0
1395,7.119,0
1396,5.312,0
1397,5.523,0
1398,8.842,0
1399,11.61,0
1400,14.939,0
1401,15.688,0
1402,15.848,0
1403,14.545,0
1404,11.631,0
1405,9.173,0
1406,6.7,0
1407,4.91,0
1408,4.8,0
1409,3.303,0
1410,2.098,0
1411,1.296,0
1412,-0.435,0
1413,-2.733,0
1414,-5.196,0
1415,-4.12,0
1416,-2.497,0
1417,-2.067,0
1418,-2.316,0
1419,-1.714,0
1420,0.244,0
1421,3.795,0
1422,5.821,0
1423,5.425,0
1424,3.497,0
1425,0.977,0
1426,-0.763,0
1427,-1.633,0
1428,-0.485,0
1429,1.852,0
1430,4.595,0
1431,5.383,0
1432,6.177,0
1433,6.295,0
1434,4.443,0
1435,3.875,0
1436,1.151,0
1437,-1.807,0
1438,-4.211,0
1439,-8.41,0
1440,-10.6,0
1441,-13.624,0
1442,-17.098,0
1443,-20.156,0
1444,-22.917,0
1445,-24.616,0
1446,-28.322,0
1447,-31.647,0
1448,-34.383,0
1449,-37.126,0
1450,-38.387,0
1451,-38.408,0
1452,-38.642,0
1453,-37.789,0
1454,-37.016,0
1455,-36.773,0
1456,-37.008,0
1457,-36.281,0
1458,-36.443,0
1459,-37.453,0
1460,-35.664,0
1461,-34.308,0
1462,-32.579,0
1463,-30.267,0
1464,-28.29,0
1465,-24.03,0
1466,-20.365,0
1467,-16.584,0
1468,-10.757,0
1469,-7.014,0
1470,-5.066,0
1471,-4.131,0
1472,-3.078,0
1473,-1.461,0
1474,0.179,0
1475,-1.22,0
1476,-0.751,0
1477,-0.05,0
1478,0.92,0
1479,4.528,0
1480,9.092,0
1481,14.067,0
1482,18.518,0
1483,24.233,0
1484,27.875,0
1485,32.05,0
1486,36.882,0
1487,40.671,0
1488,43.996,0
1489,45.089,0
1490,47.094,0
1491,48.289,0
1492,48.358,0
1493,50.46,0
1494,52.45,0
1495,55.499,0
1496,57.928,0
1497,60.117,0
1498,60.665,0
1499,59.903,0
1500,57.405,0
1501,52.381,0
1502,48.439,0
1503,45.47,0
1504,42.038,0
1505,39.806,0
1506,37.177,0
1507,33.482,0
1508,29.764,0
1509,23.669,0
1510,18.566,0
1511,14.291,0
1512,10.276,0
1513,6.717,0
1514,2.126,0
1515,-1.272,0
1516,-4.943,0
1517,-8.392,0
1518,-11.246,0
1519,-14.055,0
1520,-17.334,0
1521,-19.988,0
1522,-21.346,0
1523,-22.772,0
1524,-22.388,0
1525,-23.257,0
1526,-21.663,0
1527,-21.584,0
1528,-22.645,0
1529,-23.986,0
1530,-25.345,0
1531,-25.521,0
1532,-25.174,0
1533,-22.966,0
1534,-21.94,0
1535,-20.211,0
1536,-18.864,0
1537,-15.439,0
1538,-13.609,0
1539,-12.105,0
1540,-9.32,0
1541,-7.327,0
1542,-5.246,0
1543,-1.408,0
1544,3.327,0
1545,7.537,0
1546,10.56,0
1547,12.619,0
1548,14.254,0
1549,14.124,0
1550,15.837,0
1551,17.428,0
1552,18.863,0
1553,20.474,0
1554,21.372,0
1555,23.531,0
1556,25.31,0
1557,27.768,0
1558,28.965,0
1559,28.257,0
1560,28.773,0
1561,28.39,0
1562,27.806,0
1563,25.194,0
1564,23.173,0
1565,22.178,0
1566,20.244,0
1567,19.273,0
1568,17.141,0
1569,14.833,0
1570,14.09,0
1571,12.759,0
1572,12.513,0
1573,12.968,0
1574,12.424,0
1575,11.183,0
1576,8.506,0
1577,4.601,0
1578,0.92,0
1579,-1.584,0
1580,-3.952,0
1581,-6.828,0
1582,-10.127,0
1583,-12.012,0
1584,-16.199,0
1585,-19.12,0
1586,-20.012,0
1587,-20.923,0
1588,-19.573,0
1589,-18.707,0
1590,-15.375,0
1591,-13.263,0
1592,-11.723,0
1593,-9.443,0
1594,-6.61,0
1595,-3.571,0
1596,-1.566,0
1597,-1.648,0
1598,-4.024,0
1599,-7.625,0
1600,-10.734,0
1601,-11.352,0
1602,-10.818,0
1603,-8.857,0
1604,-7.431,0
1605,-7.236,0
1606,-8.297,0
1607,-8.93,0
1608,-8.988,0
1609,-9.83,0
1610,-7.999,0
1611,-5.944,0
1612,-5.05,0
1613,-3.736,0
1614,-2,0
1615,1.219,0
1616,3.69,0
1617,5.629,0
1618,5.789,0
1619,5.451,0
1620,3.905,0
1621,1.663,0
1622,-0.062,0
1623,1.083,0
1624,2.219,0
1625,4.973,0
1626,8.8,0
1627,11.293,0
1628,12.962,0
1629,12.72,0
1630,12.562,0
1631,10.806,0
1632,9.293,0
1633,7.749,0
1634,4.296,0
1635,2.661,0
1636,1.534,0
1637,0.702,0
1638,1.245,0
1639,2.095,0
1640,4.5,0
1641,4.719,0
1642,2.595,0
1643,0.091,0
1644,-1.881,0
1645,-3.662,0
1646,-5.429,0
1647,-7.761,0
1648,-11.223,0
1649,-14.851,0
1650,-18.453,0
1651,-21.346,0
1652,-24.013,0
1653,-24.803,0
1654,-25.447,0
1655,-23.683,0
1656,-22.695,0
1657,-21.188,0
1658,-18.565,0
1659,-17.588,0
1660,-14.874,0
1661,-14.19,0
1662,-14.109,0
1663,-16.516,0
1664,-18.438,0
1665,-19.279,0
1666,-19.811,0
1667,-19.736,0
1668,-19.429,0
1669,-18.142,0
1670,-16.885,0
1671,-15.545,0
1672,-14.683,0
1673,-13.984,0
1674,-14.72,0
1675,-15.27,0
1676,-14.306,0
1677,-15.384,0
1678,-15.472,0
1679,-16.129,0
1680,-17.896,0
1681,-20.296,0
1682,-21.627,0
1683,-22.746,0
1684,-22.926,0
1685,-23.082,0
1686,-24.03,0
1687,-24.502,0
1688,-25.629,0
1689,-26.625,0
1690,-24.695,0
1691,-22.189,0
1692,-20.236,0
1693,-17.551,0
1694,-16.044,0
1695,-15.635,0
1696,-16.977,0
1697,-16.774,0
1698,-17.014,0
1699,-15.933,0
1700,-13.903,0
1701,-12.009,0
1702,-9.368,0
1703,-7.132,0
1704,-4.788,0
1705,-3.905,0
1706,-2.623,0
1707,-1.404,0
1708,1.009,0
1709,1.518,0
1710,-0.005,0
1711,0.858,0
1712,1.399,0
1713,2.921,0
1714,3.129,0
1715,4.647,0
1716,5.944,0
1717,6.657,0
1718,6.275,0
1719,5.722,0
1720,5.891,0
1721,5.829,0
1722,6.978,0
1723,10.081,0
1724,12.661,0
1725,12.914,0
1726,15.3,0
1727,15.734,0
1728,14.576,0
1729,13.024,0
1730,12.75,0
1731,12.365,0
1732,12.655,0
1733,14.851,0
1734,15.84,0
1735,15.796,0
1736,15.264,0
1737,15.459,0
1738,15.286,0
1739,14.376,0
1740,15.473,0
1741,14.829,0
1742,13.244,0
1743,11.469,0
1744,9.762,0
1745,9.42,0
1746,9.6,0
1747,11.634,0
1748,13.776,0
1749,16.44,0
1750,18.84,0
1751,21.717,0
1752,23.554,0
1753,25.433,0
1754,26.271,0
1755,24.517,0
1756,22.941,0
1757,21.67,0
1758,20.836,0
1759,19.907,0
1760,20.569,0
1761,21.953,0
1762,24.125,0
1763,25.341,0
1764,25.543,0
1765,27.247,0
1766,27.408,0
1767,26.843,0
1768,27.875,0
1769,28.817,0
1770,28.647,0
1771,30.172,0
1772,29.659,0
1773,28.689,0
1774,27.661,0
1775,27.065,0
1776,27.373,0
1777,26.12,0
1778,25.706,0
1779,24.355,0
1780,22.83,0
1781,19.994,0
1782,17.745,0
1783,15.309,0
1784,12.095,0
1785,9.619,0
1786,7.266,0
1787,6.53,0
1788,5.891,0
1789,5.619,0
1790,5.741,0
1791,4.991,0
1792,3.098,0
1793,1.757,0
1794,1.405,0
1795,0.308,0
1796,-0.119,0
1797,-1.78,0
1798,-2.606,0
1799,-2.78,0
1800,-1.885,0
1801,-0.122,0
1802,0.873,0
1803,1.693,0
1804,-0.419,0
1805,-2.409,0
1806,-6.135,0
1807,-8.273,0
1808,-8.851,0
1809,-12.453,0
1810,-13.929,0
1811,-15.739,0
1812,-17.752,0
1813,-20.323,0
1814,-23.018,0
1815,-22.436,0
1816,-23.019,0
1817,-23.338,0
1818,-22.852,0
1819,-21.526,0
1820,-19.589,0
1821,-17.672,0
1822,-16.114,0
1823,-14.205,0
1824,-13.857,0
1825,-12.437,0
1826,-9.125,0
1827,-7.256,0
1828,-5.235,0
1829,-3.375,0
1830,-2.481,0
1831,-2.833,0
1832,-1.302,0
1833,-0.982,0
1834,-1.162,0
1835,-0.771,0
1836,-0.096,0
1837,0.568,0
1838,0.474,0
1839,-0.448,0
1840,0.593,0
1841,-0.102,0
1842,-0.897,0
1843,0.374,0
1844,1.537,0
1845,3.441,0
1846,4.783,0
1847,6.287,0
1848,6.617,0
1849,6.326,0
1850,5.179,0
1851,4.396,0
1852,3.622,0
1853,4.064,0
1854,2.648,0
1855,1.154,0
1856,-1.153,0
1857,-2.776,0
1858,-3.123,0
1859,-5.437,0
1860,-6.298,0
1861,-5.671,0
1862,-4.761,0
1863,-5.158,0
1864,-4.71,0
1865,-3.718,0
1866,-3.514,0
1867,-4.319,0
1868,-5.458,0
1869,-7.207,0
1870,-7.949,0
1871,-7.657,0
1872,-8.369,0
1873,-8.794,0
1874,-9.744,0
1875,-10.478,0
1876,-9.133,0
1877,-8.512,0
1878,-7.374,0
1879,-5.773,0
1880,-3.182,0
1881,-2.25,0
1882,-1.652,0
1883,-0.351,0
1884,-2.291,0
1885,-4.258,0
1886,-7.28,0
1887,-9.091,0
1888,-12.479,0
1889,-15.612,0
1890,-16.38,0
1891,-18.401,0
1892,-19.595,0
1893,-21.939,0
1894,-24.152,0
1895,-26.467,0
1896,-27.829,0
1897,-28.932,0
1898,-30.851,0
1899,-30.471,0
1900,-30.931,0
1901,-30.448,0
1902,-28.738,0
1903,-27.207,0
1904,-25.552,0
1905,-24.796,0
1906,-24.312,0
1907,-22.652,0
1908,-20.052,0
1909,-19.643,0
1910,-16.683,0
1911,-14.672,0
1912,-11.958,0
1913,-11.171,0
1914,-10.782,0
1915,-8.558,0
1916,-6.754,0
1917,-5.327,0
1918,-5.227,0
1919,-4.203,0
1920,-3.836,0
1921,-2.659,0
1922,-2.695,0
1923,-3.152,0
1924,-4.026,0
1925,-3.439,0
1926,-2.001,0
1927,-0.407,0
1928,0.786,0
1929,2.585,0
1930,2.976,0
1931,2.887,0
1932,3.093,0
1933,3.324,0
1934,2.945,0
1935,3.129,0
1936,5.094,0
1937,6.414,0
1938,8.06,0
1939,7.801,0
1940,8.53,0
1941,8.831,0
1942,7.637,0
1943,7.123,0
1944,7.773,0
1945,8.817,0
1946,8.331,0
1947,8.873,0
1948,8.32,0
1949,9.409,0
1950,9.128,0
1951,9.037,0
1952,11.046,0
1953,11.974,0
1954,13.905,0
1955,15.178,0
1956,16.724,0
1957,18.517,0
1958,20.518,0
1959,19.707,0
1960,21.374,0
1961,20.58,0
1962,20,0
1963,19.528,0
1964,17.141,0
1965,17.084,0
1966,15.379,0
1967,13.515,0
1968,11.395,0
1969,9.984,0
1970,8.639,0
1971,8.573,0
1972,9.435,0
1973,10.136,0
1974,9.108,0
1975,8.457,0
1976,8.618,0
1977,8.403,0
1978,9.514,0
1979,9.225,0
1980,8.742,0
1981,8.535,0
1982,8.833,0
1983,7.343,0
1984,6.283,0
1985,5.287,0
1986,4.047,0
1987,3.444,0
1988,2.853,0
1989,2.912,0
1990,2.774,0
1991,2.853,0
1992,2.832,0
1993,2.001,0
1994,0.284,0
1995,0.023,0
1996,-0.956,0
1997,-2.18,0
1998,-2.655,0
1999,-2.357,0
2000,-2.407,0
2001,-1.521,0
2002,-0.428,0
2003,-0.06,0
2004,0.996,0
2005,2.167,0
2006,2.454,0
2007,2.502,0
2008,5.785,0
2009,6.178,0
2010,6.891,0
2011,8.651,0
2012,8.711,0
2013,8.812,0
2014,6.455,0
2015,6.007,0
2016,6.145,0
2017,6.248,0
2018,6.414,0
2019,6.52,0
2020,6.835,0
2021,7.392,0
2022,7.278,0
2023,6.797,0
2024,5.739,0
2025,4.074,0
2026,3.213,0
2027,1.482,0
2028,0.657,0
2029,-0.147,0
2030,0.036,0
2031,0.938,0
2032,1.577,0
2033,2.944,0
2034,3.333,0
2035,4.007,0
2036,4.387,0
2037,5.872,0
2038,7.416,0
2039,5.459,0
2040,5.643,0
2041,4.885,0
2042,4.375,0
2043,4.331,0
2044,5.471,0
2045,7.567,0
2046,8.001,0
2047,9.424,0
2048,9.427,0
2049,9.229,0
2050,7.769,0
2051,5.549,0
2052,3.598,0
2053,2.738,0
2054,0.908,0
2055,-0.39,0
2056,-2.384,0
2057,-3.037,0
2058,-2.64,0
2059,-3.188,0
2060,-1.395,0
2061,-0.132,0
2062,-0.064,0
2063,-0.88,0
2064,-2.809,0
2065,-2.929,0
2066,-3.011,0
2067,-2.937,0
2068,-3.023,0
2069,-2.918,0
2070,-3.08,0
2071,-2.633,0
2072,-0.56,0
2073,0.608,0
2074,2.591,0
2075,2.619,0
2076,4.276,0
2077,5.814,0
2078,5.178,0
2079,6.893,0
2080,8.242,0
2081,8.638,0
2082,7.071,0
2083,5.433,0
2084,3.003,0
2085,0.086,0
2086,-2.247,0
2087,-3.226,0
2088,-4.865,0
2089,-6.021,0
2090,-5.503,0
2091,-6.01,0
2092,-5.437,0
2093,-6.454,0
2094,-6.405,0
2095,-5.687,0
2096,-5.777,0
2097,-5.798,0
2098,-5.688,0
2099,-5.906,0
2100,-5.508,0
2101,-6.595,0
2102,-8.504,0
2103,-9.521,0
2104,-11.751,0
2105,-13.348,0
2106,-15.961,0
2107,-17.275,0
2108,-17.087,0
2109,-19.262,0
2110,-19.886,0
2111,-19.673,0
2112,-19.832,0
2113,-19.695,0
2114,-19.913,0
2115,-19.665,0
2116,-20.005,0
2117,-18.157,0
2118,-17.122,0
2119,-16.805,0
2120,-17.067,0
2121,-15.981,0
2122,-13.972,0
2123,-13.981,0
2124,-14.023,0
2125,-12.416,0
2126,-11.129,0
2127,-11.239,0
2128,-10.06,0
2129,-9.219,0
2130,-7.878,0
2131,-9.615,0
2132,-10.568,0
2133,-10.52,0
2134,-12.668,0
2135,-13.608,0
2136,-13.872,0
2137,-13.665,0
2138,-13.831,0
2139,-13.586,0
2140,-13.725,0
2141,-13.661,0
2142,-11.7,0
2143,-10.294,0
2144,-8.301,0
2145,-7.098,0
2146,-4.86,0
2147,-4.165,0
2148,-4.314,0
2149,-3.82,0
2150,-3.563,0
2151,-1.457,0
2152,-0.768,0
2153,-0.452,0
2154,-0.896,0
2155,0.567,0
2156,2.176,0
2157,3.846,0
2158,5.241,0
2159,6.022,0
2160,8.379,0
2161,7.474,0
2162,8.24,0
2163,7.415,0
2164,6.066,0
2165,6.677,0
2166,5.207,0
2167,5.116,0
2168,5.342,0
2169,5.091,0
2170,5.606,0
2171,4.771,0
2172,2.808,0
2173,2.099,0
2174,0.078,0
2175,-0.275,0
2176,-0.218,0
2177,-0.396,0
2178,-0.173,0
2179,-0.465,0
2180,-0.073,0
2181,-0.673,0
2182,0.77,0
2183,1.918,0
2184,1.857,0
2185,2.83,0
2186,2.293,0
2187,2.768,0
2188,3.167,0
2189,4.053,0
2190,5.427,0
2191,5.479,0
2192,5.359,0
2193,5.352,0
2194,4.877,0
2195,6.385,0
2196,8.069,0
2197,9.412,0
2198,11.219,0
2199,10.922,0
2200,11.097,0
2201,11.02,0
2202,10.936,0
2203,11.009,0
2204,10.882,0
2205,11.09,0
2206,10.647,0
2207,11.845,0
2208,12.474,0
2209,10.43,0
2210,11.18,0
2211,10.437,0
2212,8.71,0
2213,8.083,0
2214,8.968,0
2215,10.892,0
2216,11.644,0
2217,13.839,0
2218,11.392,0
2219,11.16,0
2220,9.453,0
2221,7.315,0
2222,8.056,0
2223,6.975,0
2224,5.799,0
2225,3.161,0
2226,3.641,0
2227,2.277,0
2228,0.329,0
2229,0.2,0
2230,0.299,0
2231,0.056,0
2232,2.354,0
2233,3.424,0
2234,4.376,0
2235,6.083,0
2236,5.229,0
2237,5.908,0
2238,5.677,0
2239,5.766,0
2240,7.578,0
2241,8.907,0
2242,10.776,0
2243,12.993,0
2244,15.411,0
2245,17.007,0
2246,16.771,0
2247,17.473,0
2248,18.454,0
2249,19.881,0
2250,19.509,0
2251,20.349,0
2252,20.662,0
2253,19.78,0
2254,19.683,0
2255,19.88,0
2256,19.417,0
2257,20.152,0
2258,20.304,0
2259,19.607,0
2260,18.968,0
2261,16.598,0
2262,16.895,0
2263,14.56,0
2264,13.713,0
2265,13.869,0
2266,13.691,0
2267,13.813,0
2268,13.87,0
2269,12.686,0
2270,10.62,0
2271,11.253,0
2272,9.377,0
2273,8.347,0
2274,7.822,0
2275,5.718,0
2276,5.609,0
2277,4.183,0
2278,2.18,0
2279,0.549,0
2280,-1.319,0
2281,-3.073,0
2282,-3.278,0
2283,-3.249,0
2284,-3.845,0
2285,-5.385,0
2286,-6.287,0
2287,-7.951,0
2288,-10.06,0
2289,-13.806,0
2290,-14.403,0
2291,-15.579,0
2292,-17.741,0
2293,-17.16,0
2294,-17.837,0
2295,-18.834,0
2296,-20.213,0
2297,-20.228,0
2298,-20.402,0
2299,-20.197,0
2300,-20.483,0
2301,-19.247,0
2302,-17.707,0
2303,-18.173,0
2304,-19.093,0
2305,-19.97,0
2306,-20.442,0
2307,-20.068,0
2308,-19.723,0
2309,-20.695,0
2310,-21.268,0
2311,-23.28,0
2312,-21.321,0
2313,-20.254,0
2314,-22.27,0
2315,-20.469,0
2316,-20.387,0
2317,-20.274,0
2318,-20.406,0
2319,-20.247,0
2320,-20.449,0
2321,-20.177,0
2322,-20.601,0
2323,-19.53,0
2324,-17.824,0
2325,-18.753,0
2326,-17.206,0
2327,-17.746,0
2328,-17.282,0
2329,-17.727,0
2330,-17.229,0
2331,-18.051,0
2332,-19.62,0
2333,-19.582,0
2334,-20.238,0
2335,-20.879,0
2336,-23.075,0
2337,-23.09,0
2338,-23.16,0
2339,-23.274,0
2340,-23.073,0
2341,-23.422,0
2342,-22.363,0
2343,-20.279,0
2344,-20.487,0
2345,-20.092,0
2346,-18.038,0
2347,-17.375,0
2348,-17.695,0
2349,-15.332,0
2350,-14.866,0
2351,-13.675,0
2352,-12,0
2353,-10.268,0
2354,-8.959,0
2355,-7.484,0
2356,-5.883,0
2357,-3.265,0
2358,-0.509,0
2359,0.058,0
2360,2.604,0
2361,4.101,0
2362,5.934,0
2363,7.517,0
2364,8.669,0
2365,10.626,0
2366,13.212,0
2367,13.57,0
2368,15.802,0
2369,16.463,0
2370,18.316,0
2371,19.619,0
2372,19.085,0
2373,19.653,0
2374,17.166,0
2375,18.515,0
2376,18.574,0
2377,18.284,0
2378,17.273,0
2379,16.128,0
2380,16.747,0
2381,16.14,0
2382,17.277,0
2383,16.912,0
2384,16.625,0
2385,15.887,0
2386,13.645,0
2387,13.675,0
2388,13.714,0
2389,13.452,0
2390,15.455,0
2391,16.662,0
2392,16.385,0
2393,16.453,0
2394,16.405,0
2395,16.02,0
2396,14.969,0
2397,13.847,0
2398,13.366,0
2399,13.293,0
2400,13.336,0
2401,13.116,0
2402,13.64,0
2403,12.286,0
2404,11.085,0
2405,10.902,0
2406,10.46,0
2407,10.797,0
2408,10.465,0
2409,8.163,0
2410,5.836,0
2411,4.195,0
2412,2.219,0
2413,0.951,0
2414,-2.149,0
2415,-1.076,0
2416,-1.397,0
2417,-3.792,0
2418,-3.012,0
2419,-1.004,0
2420,-0.718,0
2421,0.466,0
2422,2.262,0
2423,2.169,0
2424,2.314,0
2425,2.328,0
2426,4.825,0
2427,5.15,0
2428,5.135,0
2429,7.364,0
2430,7.936,0
2431,8.864,0
2432,11.638,0
2433,13.095,0
2434,14.976,0
2435,16.527,0
2436,16.539,0
2437,16.349,0
2438,17.102,0
2439,16.678,0
2440,16.819,0
2441,16.523,0
2442,16.57,0
2443,16.359,0
2444,14.371,0
2445,12.997,0
2446,11.023,0
2447,10.325,0
2448,8.513,0
2449,7.854,0
2450,8.243,0
2451,7.682,0
2452,8.356,0
2453,7.225,0
2454,5.502,0
2455,4.68,0
2456,2.723,0
2457,1.77,0
2458,1.389,0
2459,-0.699,0
2460,-3.425,0
2461,-3.143,0
2462,-5.569,0
2463,-6.166,0
2464,-8.301,0
2465,-10.433,0
2466,-11.305,0
2467,-12.133,0
2468,-11.763,0
2469,-12.065,0
2470,-11.767,0
2471,-9.792,0
2472,-9.132,0
2473,-7.763,0
2474,-6.028,0
2475,-6.663,0
2476,-4.762,0
2477,-4.078,0
2478,-5.404,0
2479,-6.22,0
2480,-6.107,0
2481,-6.66,0
2482,-5.903,0
2483,-5.372,0
2484,-5.856,0
2485,-5.866,0
2486,-6.785,0
2487,-6.059,0
2488,-7.374,0
2489,-8.916,0
2490,-8.406,0
2491,-9.243,0
2492,-9.334,0
2493,-9.009,0
2494,-9.88,0
2495,-12.083,0
2496,-11.901,0
2497,-12.116,0
2498,-13.985,0
2499,-15.001,0
2500,-14.685,0
2501,-15.013,0
2502,-13.95,0
2503,-12.126,0
2504,-11.885,0
2505,-11.89,0
2506,-11.861,0
2507,-9.816,0
2508,-8.922,0
2509,-9.043,0
2510,-8.873,0
2511,-8.987,0
2512,-8.91,0
2513,-8.926,0
2514,-9.038,0
2515,-7.092,0
2516,-5.796,0
2517,-6.451,0
2518,-4.67,0
2519,-3.1,0
2520,-3.539,0
2521,-3.117,0
2522,-3.62,0
2523,-2.857,0
2524,-5.197,0
2525,-5.425,0
2526,-3.759,0
2527,-4.649,0
2528,-3.423,0
2529,-3.515,0
2530,-3.347,0
2531,-3.544,0
2532,-3.483,0
2533,-3.531,0
2534,-3.501,0
2535,-3.51,0
2536,-3.511,0
2537,-3.502,0
2538,-3.542,0
2539,-3.466,0
2540,-3.542,0
2541,-3.448,0
2542,-3.557,0
2543,-3.419,0
2544,-3.591,0
2545,-3.349,0
2546,-3.74,0
2547,-2.426,0
2548,-0.526,0
2549,-0.752,0
2550,-0.561,0
2551,-0.668,0
2552,0.417,0
2553,2.008,0
2554,2.176,0
2555,2.297,0
2556,2.044,0
2557,2.989,0
2558,5.058,0
2559,4.867,0
2560,4.985,0
2561,4.872,0
2562,4.84,0
2563,4.776,0
2564,3.328,0
2565,4.776,0
2566,4.187,0
2567,2.088,0
2568,1.795,0
2569,1.728,0
2570,1.681,0
2571,1.641,0
2572,1.823,0
2573,3.341,0
2574,4.315,0
2575,4.088,0
2576,7.053,0
2577,7.019,0
2578,8.622,0
2579,10.125,0
2580,10.351,0
2581,9.902,0
2582,11.498,0
2583,12.904,0
2584,11.754,0
2585,13.547,0
2586,13.202,0
2587,13.537,0
2588,13.395,0
2589,13.588,0
2590,14.078,0
2591,13.911,0
2592,13.565,0
2593,13.947,0
2594,13.12,0
2595,12.41,0
2596,11.73,0
2597,10.993,0
2598,11.089,0
2599,11.057,0
2600,11.022,0
2601,11.135,0
2602,9.138,0
2603,8.165,0
2604,8.042,0
2605,5.586,0
2606,5.515,0
2607,5.248,0
2608,5.645,0
2609,3.564,0
2610,2.408,0
2611,2.644,0
2612,2.603,0
2613,2.976,0
2614,2.348,0
2615,3.114,0
2616,2.425,0
2617,2.762,0
2618,2.371,0
2619,2.869,0
2620,1.944,0
2621,-0.064,0
2622,-0.402,0
2623,0.036,0
2624,-0.984,0
2625,-1.584,0
2626,-0.004,0
2627,-0.395,0
2628,-0.075,0
2629,-0.37,0
2630,-0.05,0
2631,-0.487,0
2632,1.461,0
2633,1.925,0
2634,1.903,0
2635,1.385,0
2636,-0.645,0
2637,0.16,0
2638,-0.59,0
2639,-2.685,0
2640,-1.907,0
2641,-2.738,0
2642,-3.189,0
2643,-2.884,0
2644,-3.15,0
2645,-2.902,0
2646,-3.128,0
2647,-2.897,0
2648,-3.141,0
2649,-2.804,0
2650,-4.565,0
2651,-5.646,0
2652,-5.736,0
2653,-5.732,0
2654,-5.757,0
2655,-5.679,0
2656,-5.485,0
2657,-4.206,0
2658,-2.735,0
2659,-3.197,0
2660,-2.746,0
2661,-3.227,0
2662,-2.583,0
2663,-4.308,0
2664,-5.748,0
2665,-5.715,0
2666,-5.566,0
2667,-6.202,0
2668,-8.409,0
2669,-9.371,0
2670,-11.554,0
2671,-11.098,0
2672,-14.035,0
2673,-13.809,0
2674,-15.337,0
2675,-15.777,0
2676,-14.689,0
2677,-17.141,0
2678,-16.776,0
2679,-17.255,0
2680,-16.759,0
2681,-17.414,0
2682,-15.459,0
2683,-14.239,0
2684,-12.8,0
2685,-10.945,0
2686,-11.642,0
2687,-10.57,0
2688,-9.058,0
2689,-9.86,0
2690,-8.577,0
2691,-8.389,0
2692,-8.527,0
2693,-8.364,0
2694,-8.516,0
2695,-7.081,0
2696,-8.104,0
2697,-7.072,0
2698,-5.987,0
2699,-5.352,0
2700,-5.922,0
2701,-4.025,0
2702,-2.835,0
2703,-2.504,0
2704,-0.114,0
2705,0.047,0
2706,-0.062,0
2707,0.35,0
2708,2.614,0
2709,2.13,0
2710,2.95,0
2711,2.939,0
2712,2.864,0
2713,5.359,0
2714,5.21,0
2715,7.643,0
2716,8.538,0
2717,10.018,0
2718,11.673,0
2719,11.213,0
2720,13.47,0
2721,14.464,0
2722,14.146,0
2723,14.505,0
2724,14.038,0
2725,15.122,0
2726,17.193,0
2727,17.137,0
2728,17.159,0
2729,17.265,0
2730,16.648,0
2731,14.36,0
2732,14.596,0
2733,13.383,0
2734,11.416,0
2735,11.585,0
2736,11.557,0
2737,9.391,0
2738,8.407,0
2739,8.462,0
2740,8.829,0
2741,7.35,0
2742,5.723,0
2743,5.955,0
2744,5.81,0
2745,5.845,0
2746,4.685,0
2747,3.446,0
2748,3.201,0
2749,3.299,0
2750,3,0
2751,2.873,0
2752,1.62,0
2753,1.753,0
2754,1.615,0
2755,1.737,0
2756,1.612,0
2757,2.259,0
2758,3.062,0
2759,0.81,0
2760,0.111,0
2761,0.343,0
2762,0.114,0
2763,0.378,0
2764,0.045,0
2765,0.722,0
2766,1.251,0
2767,1.929,0
2768,2.223,0
2769,2.476,0
2770,2.646,0
2771,2.035,0
2772,2.877,0
2773,1.52,0
2774,0.203,0
2775,0.362,0
2776,0.216,0
2777,0.37,0
2778,-0.662,0
2779,-2.284,0
2780,-2.522,0
2781,-2.649,0
2782,-1.957,0
2783,-1.967,0
2784,-2.712,0
2785,-2.399,0
2786,-2.61,0
2787,-2.463,0
2788,-2.632,0
2789,-4.865,0
2790,-4.029,0
2791,-4.692,0
2792,-5.561,0
2793,-5.182,0
2794,-5.452,0
2795,-6.121,0
2796,-7.525,0
2797,-7.932,0
2798,-8.267,0
2799,-7.55,0
2800,-7.416,0
2801,-6.128,0
2802,-4.367,0
2803,-4.786,0
2804,-6.574,0
2805,-6.803,0
2806,-7.791,0
2807,-6.053,0
2808,-6.564,0
2809,-8.28,0
2810,-7.85,0
2811,-8.15,0
2812,-7.605,0
2813,-8.059,0
2814,-7.987,0
2815,-8.005,0
2816,-8.062,0
2817,-7.175,0
2818,-5.578,0
2819,-5.08,0
2820,-5.202,0
2821,-4.062,0
2822,-2.931,0
2823,-2.209,0
2824,-2.739,0
2825,-3.169,0
2826,-2.286,0
2827,-2.426,0
2828,-2.322,0
2829,-2.299,0
2830,-2.485,0
2831,-1.865,0
2832,-0.062,0
2833,0.745,0
2834,0.64,0
2835,0.389,0
2836,0.615,0
2837,0.344,0
2838,0.766,0
2839,0.63,0
2840,1.145,0
2841,2.822,0
2842,2.777,0
2843,1.165,0
2844,1.443,0
2845,1.398,0
2846,0.391,0
2847,2.127,0
2848,2.304,0
2849,1.002,0
2850,0.456,0
2851,0.662,0
2852,0.61,0
2853,0.674,0
2854,0.631,0
2855,0.652,0
2856,0.512,0
2857,0.641,0
2858,0.369,0
2859,0.285,0
2860,0.345,0
2861,0.445,0
2862,0.008,0
2863,-1.722,0
2864,-2.326,0
2865,-2.207,0
2866,-2.295,0
2867,-2.214,0
2868,-2.285,0
2869,-2.207,0
2870,-2.283,0
2871,-2.2,0
2872,-2.28,0
2873,-2.191,0
2874,-2.279,0
2875,-2.177,0
2876,-2.285,0
2877,-2.139,0
2878,-1.956,0
2879,-1.684,0
2880,0.671,0
2881,0.29,0
2882,1.773,0
2883,1.986,0
2884,2.215,0
2885,4.061,0
2886,2.84,0
2887,5.108,0
2888,5.874,0
2889,5.531,0
2890,6.615,0
2891,8.283,0
2892,9.348,0
2893,9.16,0
2894,11.088,0
2895,12.102,0
2896,11.944,0
2897,12.282,0
2898,13.313,0
2899,14.694,0
2900,14.504,0
2901,13.119,0
2902,12.204,0
2903,12.005,0
2904,12.122,0
2905,12.012,0
2906,12.128,0
2907,12.005,0
2908,12.175,0
2909,11.681,0
2910,11.208,0
2911,9.732,0
2912,9.163,0
2913,9.278,0
2914,7.966,0
2915,9.238,0
2916,8.597,0
2917,7.512,0
2918,6.27,0
2919,6.709,0
2920,5.191,0
2921,3.44,0
2922,3.591,0
2923,1.183,0
2924,-0.107,0
2925,-2.528,0
2926,-3.806,0
2927,-5.983,0
2928,-7.398,0
2929,-8.946,0
2930,-10.475,0
2931,-10.653,0
2932,-10.224,0
2933,-11.463,0
2934,-11.831,0
2935,-11.958,0
2936,-13.752,0
2937,-13.104,0
2938,-13.512,0
2939,-14.565,0
2940,-13.624,0
2941,-13.236,0
2942,-13.463,0
2943,-13.268,0
2944,-13.428,0
2945,-13.291,0
2946,-13.401,0
2947,-13.318,0
2948,-13.315,0
2949,-12.404,0
2950,-12.013,0
2951,-10.917,0
2952,-10.658,0
2953,-10.379,0
2954,-10.638,0
2955,-10.209,0
2956,-8.275,0
2957,-7.255,0
2958,-5.455,0
2959,-7.675,0
2960,-6.603,0
2961,-6.862,0
2962,-6.31,0
2963,-5.142,0
2964,-6.426,0
2965,-4.921,0
2966,-4.695,0
2967,-5.045,0
2968,-3.171,0
2969,-2.011,0
2970,-1.716,0
2971,0.872,0
2972,0.538,0
2973,2.556,0
2974,3.853,0
2975,3.449,0
2976,4.012,0
2977,4.965,0
2978,5.669,0
2979,4.996,0
2980,4.48,0
2981,3.603,0
2982,4.567,0
2983,5.757,0
2984,5.855,0
2985,6.601,0
2986,6.501,0
2987,6.532,0
2988,6.733,0
2989,6.47,0
2990,8.457,0
2991,9.704,0
2992,9.53,0
2993,9.695,0
2994,9.64,0
2995,9.716,0
2996,9.835,0
2997,9.455,0
2998,8.292,0
2999,7.688,0
3000,7.22,0
